,PH,APR,"Aparri, Luzon","Aparri, Luzon",,QQ,1-------,8103,,,
,PH,BCD,"Bacolod, Negros","Bacolod, Negros",,AI,1--4----,9601,,,
,PH,BLC,"Balabac, Palawan","Balabac, Palawan",PLW,RL,1-3-----,0401,,0758N 11703E,
,PH,BTN,"Bataan, Mariveles","Bataan, Mariveles",,QQ,1-------,8103,,,
,PH,BPH,"Bislig, Mindanao","Bislig, Mindanao",,AI,1--4----,9601,,,
,PH,BOA,"Boac, Marinduque","Boac, Marinduque",MAD,RL,1-------,1607,,1326N 12150E,
,PH,BRP,"Brookes Point, Palawan","Brookes Point, Palawan",PLW,RL,1-3-----,0401,,0846N 11750E,
,PH,BUL,"Bulan, Luzon","Bulan, Luzon",,QQ,1-------,8103,,,
,PH,BUR,"Burdeos, Polillo Isl","Burdeos, Polillo Isl",QUE,RL,1-3-----,0401,,1450N 12158E,
,PH,CGY,"Cagayan de Oro, Mindanao","Cagayan de Oro, Mindanao",,AI,1--4----,9601,,,
,PH,CAJ,"Cajidiocan, Visayan Isl","Cajidiocan, Visayan Isl",ROM,RL,1-3-----,0401,,1222N 12241E,
,PH,CBY,"Calbayog, Samar","Calbayog, Samar",,RL,1-3-----,0401,,1204N 12436E,
,PH,CYP,"Calbayog Apt, Samar","Calbayog Apt, Samar",,AI,---4----,0401,,1205N 12433E,
,PH,CUG,"Calubian, Leyte","Calubian, Leyte",LEY,RL,1-3-----,0401,,1126N 12425E,
,PH,CTS,"Catbalogan, Samar","Catbalogan, Samar",,QQ,1-------,8103,,,
,PH,CVE,"Cavite, Luzon","Cavite, Luzon",,QQ,1-------,8103,,,
,PH,CBO,"Cotabato, Mindanao","Cotabato, Mindanao",,AI,1--4----,9601,,,
,PH,DVO,"Davao, Mindanao","Davao, Mindanao",,AI,1--4----,9601,,,
,PH,GGG,"Gigaquit, Mindanao","Gigaquit, Mindanao",SUN,RL,1-3-----,0401,,0935N 12541E,
,PH,GGM,"Gigmoto, Catanduanes","Gigmoto, Catanduanes",CAT,RL,1-3-----,0401,,1346N 12423E,
,PH,HIM,"Himamaylan, Negros","Himamaylan, Negros",NEC,RL,1-3-----,0401,,1005N 12252E,
,PH,IGN,"Iligan, Mindanao","Iligan, Mindanao",,AI,1--4----,9601,,,
,PH,ILO,"Iloilo, Panay","Iloilo, Panay",,AI,1--4----,9601,,,
,PH,BCT,"Isabela, Basilan","Isabela, Basilan",BAS,RL,1-3-----,0401,,0642N 12158E,
,PH,JPM,"Jose Panganiban, Luzon","Jose Panganiban, Luzon",,QQ,1-------,8103,,,
,PH,LAO,"Laoag, Luzon","Laoag, Luzon",ILN,AI,1--4----,1607,,1811N 12035E,
,PH,LPU,"Lapu-Lapu, Cebu","Lapu-Lapu, Cebu",,RL,1-3-----,0307,,1019N 12357E,
,PH,LGP,"Legaspi Apt, Luzon","Legaspi Apt, Luzon",,AI,1-34----,0401,,1308N 12345E,
,PH,LIN,"Lingayen, Luzon","Lingayen, Luzon",,QQ,1-------,8103,,,
,PH,MAB,"Mabini, Mindanao","Mabini, Mindanao",MSR,RL,1-3-----,0401,,0857N 12447E,
,PH,MLB,"Maluso, Basilan","Maluso, Basilan",BAS,RL,1-3-----,0401,,0632N 12152E,
,PH,MAN,"Mandaue, Cebu","Mandaue, Cebu",CEB,RL,-23-----,0212,,1020N 12356E,
,PH,MHT,"Marihatag, Mindanao","Marihatag, Mindanao",SUR,RL,1-3-----,0401,,0847N 12617E,
,PH,MVS,"Mariveles, Luzon","Mariveles, Luzon",,QQ,1-------,8103,,,
,PH,MXI,"Mati, Mindanao","Mati, Mindanao",,AI,1--4----,9601,,,
,PH,NAG,"Naga, Luzon","Naga, Luzon",,RL,-234----,0212,,1337N 12310E,
,PH,NUG,"Nasugbu, Luzon","Nasugbu, Luzon",BTG,RL,1-------,1607,,1404N 12038E,
,PH,OZC,"Ozamis, Mindanao","Ozamis, Mindanao",,AI,1--4----,9601,,,
,PH,PPP,"Pagudpud, Luzon","Pagudpud, Luzon",LUN,RL,1-3-----,0401,,1637N 12019E,
,PH,PSL,"Pasaleng, Luzon","Pasaleng, Luzon",ILN,RL,1-3-----,0401,,1833N 12055E,
,PH,PAS,"Pasay, Luzon","Pasay, Luzon",,QQ,1-------,8103,,,
,PH,PDC,"Polanco, Mindanao","Polanco, Mindanao",ZAN,RL,1-3-----,0401,,0831N 12321E,
,PH,PLL,"Polillo, Polillo Isl","Polillo, Polillo Isl",QUE,RL,1-3-----,0401,,1442N 12156E,
,PH,PPS,"Puerto Princesa, Palawan","Puerto Princesa, Palawan",,AI,1--4----,9601,,,
,PH,RIZ,"Rizal, Luzon","Rizal, Luzon",,RQ,--3-----,0212,,,
,PH,SFE,"San Fernando, Luzon","San Fernando, Luzon",,AI,1--4----,9601,,,
,PH,SJI,"San Jose Apt, Mindoro","San Jose Apt, Mindoro",ZAN,AI,1-34----,0401,,1221N 12105E,
,PH,SIN,"Siain, Luzon","Siain, Luzon",,QQ,1-------,8103,,,
,PH,SUG,"Surigao, Mindanao","Surigao, Mindanao",,AI,1--4----,9601,,,
,PH,TAB,"Tabango, Leyte","Tabango, Leyte",LEY,RL,--3-----,0212,,1118N 12422E,
,PH,TAC,"Tacloban, Leyte","Tacloban, Leyte",,AI,1--4----,9601,,,
,PH,TAG,"Tagbilaran, Bohol","Tagbilaran, Bohol",,AI,1--4----,9601,,,
,PH,TAR,"Tarlac, Luzon","Tarlac, Luzon",LAG,RL,--3-----,0401,,1530N 12030E,
,PH,VCS,"Victorias, Negros","Victorias, Negros",,QQ,1-------,8103,,,
,PH,ABU,Abulug,Abulug,CAG,RL,1-------,1101,,1826N 12127E,
,PH,ADL,Adlay/Bislig,Adlay/Bislig,,QQ,1-------,8103,,,
,PH,AGO,Agoncillo,Agoncillo,BTG,RL,--3-----,1607,,1356N 12056E,
,PH,AOO,Agoo,Agoo,LUN,RQ,-----6--,1001,,1619N 12022E,
,PH,AHE,Aheron/Ozamis,Aheron/Ozamis,,QQ,1-------,8103,,,
,PH,AJU,Ajuy,Ajuy,ILI,RQ,1-------,0901,,1110N 12302E,
,PH,AEL,Alabel,Alabel,SCO,RQ,-----6--,1001,,6522N 12516E,
,PH,AAV,Alah,Alah,,AI,---4----,0001,,,
,PH,ALM,Alaminos,Alaminos,PAN,RL,--3-----,1607,,1609N 11958E,
,PH,ALA,Alasang/Siain,Alasang/Siain,,QQ,1-------,8103,,,
,PH,ALB,Albuera,Albuera,LEY,RQ,1-------,0901,,1058N 12438E,
,PH,ALC,Alcoy,Alcoy,CEB,RQ,1-3-----,1001,,0941N 12330E,
,PH,ALE,Aleran/Ozamis,Aleran/Ozamis,,QQ,1-------,8103,,,
,PH,ALI,Alitagtag,Alitagtag,BTG,RL,--3-----,1607,,1351N 12100E,
,PH,AMA,Amadeo,Amadeo,CAV,RL,--3-----,1607,,1410N 12055E,
,PH,AMU,Amunitan/Aparri,Amunitan/Aparri,CAG,RL,1-------,1607,,1819N 12203E,
,PH,ANA,Anakan/Masao,Anakan/Masao,,QQ,1-------,8103,,,
,PH,AGT,Angat,Angat,BUL,RL,--3-----,1607,,1455N 12101E,
,PH,AGL,Angeles,Angeles,,RQ,-23-----,9704,,,
,PH,ANG,Angono,Angono,RIZ,RL,--3-----,1501,,1431N 12108E,
,PH,ANT,Antipolo,Antipolo,APA,RQ,1-------,0901,,,
,PH,OTP,Antipolo,Antipolo,QUE,RL,--3-----,1401,,1337N 12228E,
,PH,EUQ,Antique Evelio Javier Apt,Antique Evelio Javier Apt,ANT,RQ,---4----,1001,,1046N 12156E,
,PH,APA,Apalit,Apalit,PAM,RL,--3-----,1607,,1457N 12046E,
,PH,ARA,Aras Asan/Bislig,Aras Asan/Bislig,DAO,RL,1-------,1607,,0853N 12618E,
,PH,ARY,Arayat,Arayat,PAM,RL,--3-----,1607,,1509N 12046E,
,PH,ARI,Aringay,Aringay,LUN,RL,--3-----,1607,,1623N 12021E,
,PH,AST,Astorga,Astorga,DAS,RQ,1-------,0901,,0653N 12527E,
,PH,ATI,Atimonan/Siain,Atimonan/Siain,QUE,RL,1-------,1607,,1359N 12154E,
,PH,BAB,Babato/Dadiangas,Babato/Dadiangas,,QQ,1-------,8103,,,
,PH,BAN,Bacnotan,Bacnotan,LUN,RL,--3-----,1607,,1643N 12021E,
,PH,BCL,Bacolor,Bacolor,PAM,RL,--3-----,1607,,1500N 12039E,
,PH,BCO,Bacon/Legaspi,Bacon/Legaspi,,QQ,1-------,8103,,,
,PH,BAC,Bacong,Bacong,NER,RQ,1-------,0901,,0914N 12318E,
,PH,BOO,Bacoor,Bacoor,CAV,RL,--3-----,1501,,1427N 12056E,
,PH,BCU,Baculin/Mati,Baculin/Mati,,QQ,1-------,8103,,,
,PH,BGC,Bagac,Bagac,,RQ,1-------,8103,,,
,PH,BNQ,Baganga/Mati,Baganga/Mati,,AI,1--4----,9601,,,
,PH,BGI,Bagui Bay/San Fernando,Bagui Bay/San Fernando,,QQ,1-------,8103,,,
,PH,BAG,Baguio,Baguio,,AI,1--4----,9601,,,
,PH,BAI,Bais/Dumaguete,Bais/Dumaguete,,QQ,1-------,8103,,,
,PH,BAL,Balaboe,Balaboe,,QQ,1-------,8103,,,
,PH,BAA,Balagtas,Balagtas,BUL,RL,--3-----,1607,,1449N 12052E,
,PH,BLM,Balamban,Balamban,CEB,RL,--3-----,1601,,1030N 12343E,
,PH,BLA,Balanga/Batan,Balanga/Batan,,QQ,1-------,8103,,,
,PH,BLY,Balayan,Balayan,BTG,RL,--3-----,1607,,1356N 12044E,
,PH,BLN,Balengan/Siain,Balengan/Siain,,QQ,1-------,8103,,,
,PH,BQA,Baler/Siain,Baler/Siain,,AI,1--4----,9601,,,
,PH,BGS,Balingasag,Balingasag,,RL,1-3-----,0212,,0845N 12447E,
,PH,BLT,Balintang/Puerto Princesa,Balintang/Puerto Princesa,,QQ,1-------,8103,,,
,PH,BLG,Balogo/Batangas,Balogo/Batangas,,QQ,1-------,8103,,,
,PH,BLU,Balumo/Zamboanga,Balumo/Zamboanga,,QQ,1-------,8103,,,
,PH,BMN,Bamban,Bamban,TAR,RL,--3-----,1607,,1540N 12020E,
,PH,BNW,Banawan/Dadiangas,Banawan/Dadiangas,,QQ,1-------,8103,,,
,PH,BGK,Bangkal,Bangkal,,RL,-----6--,1201,,1432N 12100E,
,PH,4BA,Bangui,Bangui,ILN,RL,--3-----,1407,,1832N 12045E,
,PH,BTY,Bantayon/San Jose,Bantayon/San Jose,,QQ,1-------,8103,,,
,PH,BAR,Baras,Baras,CAT,RL,--3-----,1501,,1339N 12422E,
,PH,BRB,Barobo/Bislig,Barobo/Bislig,,QQ,1-------,8103,,,
,PH,BRT,Barton/Puerto Princesa,Barton/Puerto Princesa,,QQ,1-------,8103,,,
,PH,BSO,Basco,Basco,BTN,AI,1--4----,1101,,2027N 12158E,
,PH,BSY,Basey/Catbalogan,Basey/Catbalogan,,QQ,1-------,8103,,,
,PH,BAS,Basiauang/Dadiangas,Basiauang/Dadiangas,,RQ,1-------,8103,,,
,PH,BTG,Batangas/Luzon,Batangas/Luzon,BTG,AI,1-3--6--,1301,,1345N 12103E,
,PH,BTS,Batarasa/Puerto Princesa,Batarasa/Puerto Princesa,,QQ,1-------,8103,,,
,PH,BAT,Batonbaton,Batonbaton,PLW,RQ,1-------,0901,,0911N 11821E,
,PH,BAU,Bauan/Batangas,Bauan/Batangas,BTG,RL,1-------,1607,,1348N 12100E,
,PH,BNG,Bauang,Bauang,LUN,RL,123-----,0407,,1631N 12019E,
,PH,BAY,Bay,Bay,LAG,RL,--3-----,1607,,1410N 12117E,
,PH,BYS,Bayabas/Bislig,Bayabas/Bislig,,QQ,1-------,8103,,,
,PH,BYP,Bayang Point,Bayang Point,,QQ,1-------,8103,,,
,PH,BYW,Bayawan/Dumaguete,Bayawan/Dumaguete,,QQ,1-------,8103,,,
,PH,BYB,Baybay/Tacloban,Baybay/Tacloban,,QQ,1-------,8103,,,
,PH,BMB,Bayombong,Bayombong,NUV,RL,--3-----,1607,,1628N 12109E,
,PH,NAN,Binan,Binan,CAV,RQ,-----6--,0907,,1416N 12135E,
,PH,BNA,Binangonan,Binangonan,RIZ,RL,--3-----,1501,,1427N 12113E,
,PH,BND,Binondo,Binondo,,RL,--3-----,1007,,1436N 12058E,
,PH,BIY,Biyawa/Davao,Biyawa/Davao,,QQ,1-------,8103,,,
,PH,BIN,Biñan,Binan,LAG,RL,1-3-----,1607,,1420N 12105E,
,PH,BOG,Bogo,Bogo,,RL,1-3-----,0212,,1103N 12400E,
,PH,BOP,Bolinao,Bolinao,PAN,RL,--3-----,1607,,1623N 11953E,
,PH,BLP,Bolos Point/Aparri,Bolos Point/Aparri,,QQ,1-------,8103,,,
,PH,BOR,Boracay,Boracay,ROM,RQ,1-------,0901,,1158N 12155E,
,PH,BGV,Borongan,Borongan,,RQ,1-------,9506,,,
,PH,BOS,Boston/Davao,Boston/Davao,DAO,RL,1-------,1607,,0752N 12621E,
,PH,BNY,Buanoy,Buanoy,CEB,RL,-----6--,1201,,1027N 12341E,
,PH,BGR,Bucar Grande/Suriagao,Bucar Grande/Suriagao,,QQ,1-------,8103,,,
,PH,BUD,Budbud/Davao,Budbud/Davao,,QQ,1-------,8103,,,
,PH,BUG,Bugo,Bugo,,QQ,1-------,8103,,,
,PH,BUN,Bulacan,Bulacan,BUL,RQ,-----6--,1001,,1447N 12052E,
,PH,PPB,Busan Bay,Busan Bay,ZAS,RL,-----6--,0901,,0735N 12227E,
,PH,BUS,Bustos,Bustos,BUL,RL,--3-----,1701,,1457N 12055E,
,PH,USU,Busuanga,Busuanga,,AI,---4----,0001,,,
,PH,BXU,Butuan Bay/Masao,Butuan Bay/Masao,,AI,1--4----,9601,,,
,PH,BTC,Butuan City,Butuan City,AGN,RL,--3-----,1301,,0856N 12532E,
,PH,CBT,Cabanatuan,Cabanatuan,NUE,RL,-----6--,1107,,1529N 12058E,
,PH,CAB,Cabugao Bay/Legaspi,Cabugao Bay/Legaspi,,QQ,1-------,8103,,,
,PH,CAZ,Cadiz,Cadiz,,RL,1-------,9811,,,
,PH,CDY,Cagayan de Sulu,Cagayan de Sulu,,AI,---4----,0001,,,
,PH,CDN,Cagdianao,Cagdianao,SUN,RQ,1-------,0901,,0955N 12540E,
,PH,CHO,Cahalo,Cahalo,PAM,RL,--3-----,1301,,1517N 12039E,
,PH,CAI,Cainta,Cainta,RIZ,RL,--3-----,1501,,1434N 12107E,
,PH,CAA,Calaca,Calaca,,RL,--3-----,0006,,,
,PH,CCG,Calag-Calag/Dumaguete,Calag-Calag/Dumaguete,,QQ,1-------,8103,,,
,PH,CGT,Calaguitan/Tacloban,Calaguitan/Tacloban,,QQ,1-------,8103,,,
,PH,CAL,Calamba,Calamba,,RL,--3-----,0006,,,
,PH,CLM,Calamba,Calamba,LAG,RL,--3-----,1607,,1412N 12109E,
,PH,CLP,Calapan/Batangas,Calapan/Batangas,,QQ,1-------,8103,,,
,PH,CLT,Calatagan,Calatagan,BTG,RL,--3-----,1607,,1350N 12038E,
,PH,CLG,Calauag,Calauag,QUE,RL,--3-----,1607,,1357N 12217E,
,PH,CDB,Caldera Bay/Zamboanga,Caldera Bay/Zamboanga,,QQ,1-------,8103,,,
,PH,CAC,Caloocan City,Caloocan City,,RQ,-----6--,0907,,1439N 12058E,
,PH,CWY,Calowayan/Catabalogan,Calowayan/Catabalogan,,QQ,1-------,8103,,,
,PH,CGP,Calug Point/Zamboanga,Calug Point/Zamboanga,,QQ,1-------,8103,,,
,PH,UPT,Calumpit,Calumpit,BUL,RL,--3-----,1301,,1455N 12046E,
,PH,CML,Camalagawan/Aparri,Camalagawan/Aparri,,QQ,1-------,8103,,,
,PH,CAM,Camarines Norte/Jose Panganiban,Camarines Norte/Jose Panganiban,,RQ,1-------,8103,,,
,PH,CGM,Camiguin Island/Aparri,Camiguin Island/Aparri,,AI,1--4----,9601,,,
,PH,CNY,Canaybon/Catbalogan,Canaybon/Catbalogan,,QQ,1-------,8103,,,
,PH,CND,Candaba,Candaba,PAM,RL,--3-----,1607,,1505N 12049E,
,PH,CDA,Candelaria,Candelaria,QUE,RQ,-----6--,1001,,1355N 12125E,
,PH,CNN,Candon,Candon,ILS,RL,--3-----,1607,,1711N 12027E,
,PH,CLB,Canlubang,Canlubang,LAG,RL,-23-----,1607,,1413N 12106E,
,PH,CNT,Cantilan/Surigao,Cantilan/Surigao,,QQ,1-------,8103,,,
,PH,CPL,Capalonga/Siain,Capalonga/Siain,,QQ,1-------,8103,,,
,PH,CPS,Capas,Capas,TAR,RL,--3-----,1607,,1520N 12053E,
,PH,CPC,Capoocan,Capoocan,LEY,RL,1-------,1107,,1118N 12439E,
,PH,CRG,Caraga/Mati,Caraga/Mati,,QQ,1-------,8103,,,
,PH,CDO,Cardona,Cardona,RIZ,RL,--3-----,1501,,1429N 12113E,
,PH,CRA,Carigara,Carigara,LEY,RQ,1-------,0901,,1118N 12441E,
,PH,CAR,Carmona,Carmona,CAV,RL,--3-----,1501,,1418N 12103E,
,PH,CGG,Casiguran/Siain,Casiguran/Siain,,AI,1--4----,9601,,,
,PH,CST,Castañas,Castanas,,RL,1-3-----,0212,,1353N 12133E,
,PH,CSB,Casul Bay/Ozamis,Casul Bay/Ozamis,,QQ,1-------,8103,,,
,PH,CTB,Catamon Bay/Iloilo,Catamon Bay/Iloilo,,QQ,1-------,8103,,,
,PH,CUN,Catanauan,Catanauan,,QQ,1-------,8103,,,
,PH,CRM,Catarman,Catarman,,AI,---4----,0001,,,
,PH,MPH,Caticlan,Caticlan,,AI,---4----,0001,,,
,PH,CYZ,Cauayan,Cauayan,,AI,---4----,9401,,,
,PH,CAV,Cavinti,Cavinti,LAG,RL,--3-----,1607,,1414N 12130E,
,PH,CEB,Cebu,Cebu,,AI,1--4----,9601,,,
,PH,KLR,Clark Field (Angeles),Clark Field (Angeles),PAM,RL,-23-----,0701,,1509N 12035E,
,PH,CFA,Clark Field Apt Luzon Island,Clark Field Apt Luzon Island,PAM,RQ,---4----,1001,,1511N 12033E,
,PH,CLV,Claveria/Aparri,Claveria/Aparri,,QQ,1-------,8103,,,
,PH,XCN,Coron,Coron,,AI,---4----,0001,,,
,PH,CGI,Corregidor Island,Corregidor Island,BAN,RQ,1-------,0901,,1423N 12035E,
,PH,CUE,Cuenca,Cuenca,BTG,RL,--3-----,1607,,1353N 12102E,
,PH,CSI,Culasi,Culasi,,RL,1-3-----,0401,,1136N 12242E,
,PH,CUJ,Culion,Culion,,AI,1-------,9401,,,
,PH,CMO,Currimao,Currimao,,RQ,1-------,9506,,,
,PH,CUR,Curuan/Zamboanga,Curuan/Zamboanga,,QQ,1-------,8103,,,
,PH,CYU,Cuyo,Cuyo,,AI,---4----,0001,,,
,PH,DTE,Daet,Daet,,AI,---4----,0001,,,
,PH,DCB,Dahikan Bay,Dahikan Bay,,RQ,1-------,9506,,,
,PH,DNO,Danao,Danao,,RL,1-3-----,0401,,1032N 12402E,
,PH,DAR,Daraga,Daraga,ALB,RL,--3-----,1607,,1309N 12341E,
,PH,DAS,Dasmarinas,Dasmarinas,CAV,RL,--3-----,1501,,1419N 12056E,
,PH,DPT,Diapitan/Siain,Diapitan/Siain,,QQ,1-------,8103,,,
,PH,DRB,Diaraboan/Siain,Diaraboan/Siain,,QQ,1-------,8103,,,
,PH,DCT,DICT / SVT,DICT / SVT,DAV,RL,-----6--,1407,,0717N 12542E,
,PH,DIC,Diculum/Zamboanga,Diculum/Zamboanga,,QQ,1-------,8103,,,
,PH,DID,Didadongan/Aparri,Didadongan/Aparri,,QQ,1-------,8103,,,
,PH,DIZ,Diezmo,Diezmo,LAG,RL,--3-----,1407,,1413N 12104E,
,PH,DSG,Dilasag,Dilasag,,AI,---4----,0001,,,
,PH,DDW,Dinadiawan/Aparri,Dinadiawan/Aparri,,QQ,1-------,8103,,,
,PH,DNG,Dinagat Island/Surigao,Dinagat Island/Surigao,,QQ,1-------,8103,,,
,PH,DNL,Dinalongan/Siain,Dinalongan/Siain,,QQ,1-------,8103,,,
,PH,DIN,Dinalupihan,Dinalupihan,BAN,RL,--3-----,1607,,1452N 12027E,
,PH,DPG,Dinapigue,Dinapigue,ISA,RL,--3-----,1607,,1640N 12221E,
,PH,DGL,Dingalan/Siain,Dingalan/Siain,,QQ,1-------,8103,,,
,PH,DIO,Diotorin/Siain,Diotorin/Siain,,QQ,1-------,8103,,,
,PH,DPL,Dipolog/Ozamis,Dipolog/Ozamis,,AI,1--4----,9601,,,
,PH,DIR,Dirgalan,Dirgalan,,QQ,1-------,8103,,,
,PH,DIV,Divilacan/Aparri,Divilacan/Aparri,,QQ,1-------,8103,,,
,PH,DUL,Dulag,Dulag,LEY,QQ,1-------,0212,,,
,PH,DGT,Dumaguete,Dumaguete,,AI,1--4----,9601,,,
,PH,ENI,El Nido/Puerto Princesa,El Nido/Puerto Princesa,,RL,1-34----,0201,,1111N 11924E,
,PH,ERM,Ermita,Ermita,00,RL,--3-----,1607,,1435N 12059E,
,PH,FAM,Famy,Famy,LAG,RL,--3-----,1607,,1426N 12126E,
,PH,FLB,Floridablanca,Floridablanca,PAM,RL,--3-----,1607,,1458N 12031E,
,PH,GAC,Gachitorena/Jose Panganiban,Gachitorena/Jose Panganiban,,QQ,1-------,8103,,,
,PH,GAP,Gapan,Gapan,NUE,RL,--3-----,1607,,1518N 12056E,
,PH,GHE,Garcia Hernandez,Garcia Hernandez,BOH,RQ,1-------,0901,,0937N 12418E,
,PH,GAS,Gasan,Gasan,,QQ,1-------,8103,,,
,PH,GNI,General Island/Bislig,General Island/Bislig,,QQ,1-------,8103,,,
,PH,GES,General Santos,General Santos,,AI,1-34----,0207,,0607N 12509E,
,PH,GTR,General Trias,General Trias,CAV,RL,--3-----,1501,,1423N 12052E,
,PH,GIN,Gingoog/Masao,Gingoog/Masao,,QQ,1-------,8103,,,
,PH,GUA,Guagua,Guagua,PAM,RL,--3-----,1607,,1458N 12038E,
,PH,GHG,Guihulngan,Guihulngan,NER,RQ,1-------,0901,,1007N 12317E,
,PH,GMS,Guimaras/Iloilo,Guimaras/Iloilo,,QQ,1-------,8103,,,
,PH,GUI,Guinabasan,Guinabasan,,RQ,--3-----,9901,,,
,PH,GUN,Guiuan,Guiuan,EAS,RQ,1-------,0901,,1102N 12543E,
,PH,GUM,Gumaca,Gumaca,QUE,RL,--3-----,1607,,1355N 12206E,
,PH,HYB,Hagnava Bay,Hagnava Bay,,RQ,1-------,9506,,,
,PH,AQE,Hamtic,Hamtic,ANT,RL,1-3-----,0407,,1042N 12158E,
,PH,HIJ,Hijo Wharf/Davao,Hijo Wharf/Davao,,QQ,1-------,8103,,,
,PH,HIL,Hilongos,Hilongos,LEY,RQ,1-------,0901,,1022N 12445E,
,PH,HNT,Hinatuan/Bislig,Hinatuan/Bislig,,QQ,1-------,8103,,,
,PH,HNG,Hinigaran/Iloilo,Hinigaran/Iloilo,,QQ,1-------,8103,,,
,PH,HNB,Hinobaan/Iloilo,Hinobaan/Iloilo,,QQ,1-------,8103,,,
,PH,HON,Hondagua/Siain,Hondagua/Siain,,QQ,1-------,8103,,,
,PH,HOO,Hook Bay/Siain,Hook Bay/Siain,,QQ,1-------,8103,,,
,PH,IBA,Iba,Iba,ZMB,RL,--3-----,1607,,1519N 11958E,
,PH,IBN,Ibaan,Ibaan,BTG,RL,--3-----,1607,,1349N 12108E,
,PH,IMU,Imus,Imus,CAV,RL,--3-----,1501,,1425N 12056E,
,PH,INP,Inampulugan Island,Inampulugan Island,,RQ,1-------,9506,,,
,PH,IND,Indang,Indang,CAV,RL,--3-----,1607,,1411N 12052E,
,PH,INT,Intramuros,Intramuros,,RL,--3-----,1207,,1436N 12058E,
,PH,IPE,Ipil/Zamboanga,Ipil/Zamboanga,,AI,1--4----,9601,,,
,PH,IRI,Iriga,Iriga,CAS,RL,--3-----,1607,,1325N 12325E,
,PH,ISL,Isabel,Isabel,,RQ,1-------,9506,,,
,PH,JAG,Jagna,Jagna,,RQ,1-------,9506,,,
,PH,JAS,Jasaan,Jasaan,,RL,1-3-----,0212,,0839N 12445E,
,PH,JNZ,Jimenez/Ozamis,Jimenez/Ozamis,,QQ,1-------,8103,,,
,PH,JOL,Jolo,Jolo,,AI,1--4----,9601,,,
,PH,KAS,Kabasalan/Zamboanga,Kabasalan/Zamboanga,ZAS,RL,1-------,1607,,0747N 12245E,
,PH,KLM,Kalamansig,Kalamansig,SUK,RL,1-3-----,0307,,0633N 12403E,
,PH,KAL,Kalayaan,Kalayaan,LAG,RL,--3-----,1607,,1421N 12134E,
,PH,KLO,Kalibo,Kalibo,,AI,---4----,9401,,,
,PH,KAR,Karomatan/Iligan,Karomatan/Iligan,,QQ,1-------,8103,,,
,PH,KAT,Katipunan/Ozamis,Katipunan/Ozamis,,QQ,1-------,8103,,,
,PH,KWT,Kawit,Kawit,CAV,RL,--3-----,1407,,1426N 12054E,
,PH,KIA,Kiamba/Dadiangas,Kiamba/Dadiangas,,QQ,1-------,8103,,,
,PH,KIL,Kilbay Point/Jose Panganiban,Kilbay Point/Jose Panganiban,,QQ,1-------,8103,,,
,PH,KIN,Kinogitan/Iligan,Kinogitan/Iligan,,RQ,1-------,8103,,,
,PH,KIP,Kipit/Ozamis,Kipit/Ozamis,,QQ,1-------,8103,,,
,PH,KIW,Kiwalan/Iligan,Kiwalan/Iligan,,QQ,1-------,8103,,,
,PH,KOL,Kolambugan/Iligan,Kolambugan/Iligan,,QQ,1-------,8103,,,
,PH,KUM,Kumalarang/Zamboanga,Kumalarang/Zamboanga,,QQ,1-------,8103,,,
,PH,LAC,La Carlota,La Carlota,NEC,RL,1-------,1807,,1025N 12255E,
,PH,LPZ,La Paz/Iloilo,La Paz/Iloilo,,QQ,1-------,8103,,,
,PH,LRP,La Rap/Jose Panganiban,La Rap/Jose Panganiban,,QQ,1-------,8103,,,
,PH,LTB,La Trinidad,La Trinidad,BEN,RL,--3-----,1607,,1627N 12035E,
,PH,LAB,Labason/Zamboanga,Labason/Zamboanga,ZAN,RL,1-------,1607,,0804N 12231E,
,PH,LAY,Lagondy River,Lagondy River,,RQ,1-------,8103,,,
,PH,LAG,Lagonoy/Jose Panganiban,Lagonoy/Jose Panganiban,,QQ,1-------,8103,,,
,PH,LGU,Laguna,Laguna,,RL,1-------,1107,,1018N 12353E,
,PH,LAM,Lamit Bay/Jose Panganiban,Lamit Bay/Jose Panganiban,,QQ,1-------,8103,,,
,PH,LAN,Lanuza/Bislig,Lanuza/Bislig,,QQ,1-------,8103,,,
,PH,LNA,Larena,Larena,SIG,RQ,1-------,0901,,0915N 12335E,
,PH,APN,Las Pinas,Las Pinas,CAV,RL,--3-----,1301,,1427N 12058E,
,PH,PNS,Las Pinas,Las Pinas,NUE,RL,--3-----,1301,,1522N 12100E,
,PH,LAU,Laurel,Laurel,BTG,RL,--3-----,1607,,1403N 12056E,
,PH,LZB,Lazi,Lazi,SIG,RL,1-3-----,0401,,0907N 12338E,
,PH,LBK,Lebak/Parang,Lebak/Parang,,QQ,1-------,8103,,,
,PH,LIC,Legaspi,Legaspi,ALB,RL,--3-----,0701,,1308N 12344E,
,PH,LEG,Legazpi,Legazpi,PAN,RL,--3-----,1301,,1602N 12049E,
,PH,LEM,Lemery,Lemery,BTG,RL,--3-----,1607,,1352N 12054E,
,PH,LEY,Leyte,Leyte,LEY,RL,1-------,1607,,1122N 12429E,
,PH,LBA,Lian,Lian,BTG,RL,--3-----,1607,,1402N 12039E,
,PH,LIA,Lianga/Bislig,Lianga/Bislig,,QQ,1-------,8103,,,
,PH,LBS,Libis,Libis,,RL,-----6--,1107,,1436N 12104E,
,PH,LIB,Libjo/Surigao,Libjo/Surigao,,QQ,1-------,8103,,,
,PH,LIG,Ligao,Ligao,ALB,RL,--3-----,1607,,1314N 12331E,
,PH,LIM,Limay/Bataan,Limay/Bataan,,QQ,1-------,8103,,,
,PH,LGG,Lingig/Bislig,Lingig/Bislig,,QQ,1-------,8103,,,
,PH,LNK,Linik/Dadiangas,Linik/Dadiangas,,QQ,1-------,8103,,,
,PH,LIP,Lipa,Lipa,BTG,RL,--3-----,1607,,1356N 12110E,
,PH,LPA,Lipa,Lipa,,QQ,1-------,8103,,,
,PH,LBO,Lobo,Lobo,BTG,RL,--3-----,1607,,1338N 12112E,
,PH,LOM,Lomuyon/Dadiangas,Lomuyon/Dadiangas,,QQ,1-------,8103,,,
,PH,LOP,Long Point/Puerto Princesa,Long Point/Puerto Princesa,,QQ,1-------,8103,,,
,PH,LOO,Looc Bay/San Jose,Looc Bay/San Jose,,QQ,1-------,8103,,,
,PH,LPO,Lopez,Lopez,QUE,RL,--3-----,1607,,1353N 12215E,
,PH,LOB,Los Banos,Los Banos,LAG,RL,--3-----,1607,,1410N 12113E,
,PH,LBX,Lubang,Lubang,,AI,---4----,0001,,,
,PH,LUB,Lubao,Lubao,PAM,RL,--3-----,1607,,1456N 12036E,
,PH,LUC,Lucanin,Lucanin,,RL,1-------,1107,,1428N 12037E,
,PH,LUE,Lucena,Lucena,QUE,RL,--3-----,1607,,1355N 12137E,
,PH,LUG,Lugait,Lugait,,RL,1-3-----,0212,,0820N 12415E,
,PH,LUM,Lumasal/Dadiangas,Lumasal/Dadiangas,,QQ,1-------,8103,,,
,PH,LUN,Luna,Luna,LUN,RL,--3-----,1607,,1651N 12022E,
,PH,LNO,Lunao,Lunao,,RL,1-3-----,0212,,0852N 12503E,
,PH,NCP,Luzon Island,Luzon Island,,RQ,---4----,1001,,1448N 12017E,
,PH,LWA,Lwbak,Lwbak,,AI,---4----,0001,,,
,PH,MAA,Maasin,Maasin,,RQ,--3-----,9506,,,
,PH,MGD,Mabaguid,Mabaguid,,RQ,1-------,8103,,,
,PH,MBC,Mabalacat,Mabalacat,PAM,RL,--3-----,1607,,1513N 12034E,
,PH,MBI,Mabitac,Mabitac,LAG,RL,--3-----,1607,,1425N 12125E,
,PH,MCB,Macabebe,Macabebe,PAM,RL,--3-----,1607,,1453N 12043E,
,PH,MCO,Maco/Davao,Maco/Davao,,QQ,1-------,8103,,,
,PH,MCJ,Macojalan/Ozamis,Macojalan/Ozamis,,QQ,1-------,8103,,,
,PH,NOP,Mactan Island Apt,Mactan Island Apt,,AI,1-34----,0401,,1018N 12400E,
,PH,MAD,Madaum/Davao,Madaum/Davao,,QQ,1-------,8103,,,
,PH,MGL,Magalang,Magalang,PAM,RL,--3-----,1607,,1512N 12039E,
,PH,MGA,Magalona/Iloilo,Magalona/Iloilo,,QQ,1-------,8103,,,
,PH,MLS,Magellanes/Masao,Magellanes/Masao,,QQ,1-------,8103,,,
,PH,MGB,Magueda Bay/Catbalogan,Magueda Bay/Catbalogan,,QQ,1-------,8103,,,
,PH,MAI,Maitum/Dadiangas,Maitum/Dadiangas,,QQ,1-------,8103,,,
,PH,MAK,Makar/Dadiangas,Makar/Dadiangas,,QQ,1-------,8103,,,
,PH,MTI,Makati,Makati,NUV,RL,1-3-----,0701,,1625N 12106E,
,PH,MKC,Makati City,Makati City,00,RL,1-------,1607,,1433N 12102E,
,PH,MLP,Malabang,Malabang,,AI,---4----,9401,,,
,PH,MBL,Malabon,Malabon,00,RL,--3-----,1501,,1440N 12056E,
,PH,MLL,Malalag/Davao,Malalag/Davao,,QQ,1-------,8103,,,
,PH,MAL,Malampaya,Malampaya,,RQ,------7-,0907,,1132N 11906E,
,PH,MSB,Malasugat Bay/Zamboanga,Malasugat Bay/Zamboanga,,QQ,1-------,8103,,,
,PH,MTP,Malatapay,Malatapay,NER,RQ,1-------,0901,,0933N 12309E,
,PH,MLT,Malate,Malate,00,RL,--3-----,1607,,1434N 12059E,
,PH,MLO,Malolos,Malolos,BUL,RL,--3-----,1607,,1450N 12048E,
,PH,MLV,Malvar,Malvar,BTG,RL,--3-----,1607,,1402N 12109E,
,PH,MGI,Mambagid,Mambagid,,RQ,1-------,9506,,,
,PH,MBO,Mamburao,Mamburao,,AI,---4----,9401,,,
,PH,MSY,Manansalay/Batangas,Manansalay/Batangas,,QQ,1-------,8103,,,
,PH,MNY,Manay/Mati,Manay/Mati,,QQ,1-------,8103,,,
,PH,MDL,Mandaluyong,Mandaluyong,,RL,--3-----,0607,,1435N 12103E,
,PH,MCY,Mandaue City,Mandaue City,CEB,RL,--3-----,1301,,1019N 12355E,
,PH,MGG,Mangogoy/Bislig,Mangogoy/Bislig,,QQ,1-------,8103,,,
,PH,MNI,Manicani,Manicani,EAS,RQ,1-------,0901,,1100N 12539E,
,PH,MNL,Manila,Manila,,AI,1--45---,9601,,,
,PH,MNN,Manila North Harbour,Manila North Harbour,,RL,1-3-----,0010,,,
,PH,MNS,Manila South Harbour,Manila South Harbour,,RL,1-3-----,9805,,,
,PH,MRA,Maragondon,Maragondon,CAV,RL,--3-----,1501,,1416N 12044E,
,PH,XMA,Maramag,Maramag,,AI,---4----,0001,,,
,PH,MAR,Marikina,Marikina,00,RL,--3-----,1501,,1437N 12105E,
,PH,MRQ,Marinduque,Marinduque,,AI,---4----,9601,,,
,PH,MSA,Masantol,Masantol,PAM,RL,--3-----,1607,,1453N 12042E,
,PH,MAS,Masao,Masao,,RQ,1-------,9506,,,
,PH,MBT,Masbate,Masbate,,AI,1--4----,9601,,,
,PH,MSC,Masinloc/Sual,Masinloc/Sual,,QQ,1-------,8103,,,
,PH,MTK,Mataasnakahoy,Mataasnakahoy,BTG,RL,--3-----,1607,,1357N 12106E,
,PH,MAC,Matho Cortez/Bislig,Matho Cortez/Bislig,,QQ,1-------,8103,,,
,PH,MTA,Matina Aplaya/Davao,Matina Aplaya/Davao,,QQ,1-------,8103,,,
,PH,MTN,Matnog,Matnog,SOR,RL,--3-----,1607,,1235N 12405E,
,PH,MAU,Mauban,Mauban,QUE,RL,--3-----,1607,,1411N 12143E,
,PH,MDN,Medina,Medina,,RL,1-3-----,0212,,0855N 12501E,
,PH,MNU,Mendez-Nunez,Mendez-Nunez,CAV,RL,--3-----,1607,,1407N 12054E,
,PH,MCD,Mercedes/Jose Panganiban,Mercedes/Jose Panganiban,,QQ,1-------,8103,,,
,PH,MEX,Mexico,Mexico,PAM,RL,--3-----,1607,,1503N 12043E,
,PH,MEY,Meycauayan,Meycauayan,BUL,RL,--3-----,1307,,1444N 12057E,
,PH,MIL,Milbuk/Dadiangas,Milbuk/Dadiangas,,QQ,1-------,8103,,,
,PH,MIN,Minalin,Minalin,PAM,RL,--3-----,1607,,1457N 12041E,
,PH,MIO,Misamis Occ./Ozamis,Misamis Occ./Ozamis,,QQ,1-------,8103,,,
,PH,MIC,Misamis Or./Cagayan de Oro,Misamis Or./Cagayan de Oro,,QQ,1-------,8103,,,
,PH,MSS,Mission/Aparri,Mission/Aparri,,QQ,1-------,8103,,,
,PH,MON,Monserrat/Mati,Monserrat/Mati,,QQ,1-------,8103,,,
,PH,MOR,Morong/Mariveles,Morong/Mariveles,,QQ,1-------,8103,,,
,PH,MUL,Mulanay/Siain,Mulanay/Siain,,QQ,1-------,8103,,,
,PH,MNT,Muntinlupa City,Muntinlupa City,00,RL,1-3--6--,1607,,1437N 12103E,
,PH,NAB,Nabulao Bay/Iloilo,Nabulao Bay/Iloilo,,QQ,1-------,8103,,,
,PH,WNP,Naga/Zamboanga,Naga/Zamboanga,,AI,1--4----,9601,,,
,PH,NAC,Nagcarlan,Nagcarlan,LAG,RL,--3-----,1607,,1408N 12124E,
,PH,NGH,Nagh,Nagh,,QQ,1-------,8103,,,
,PH,NAI,Naic,Naic,CAV,RL,--3-----,1501,,1419N 12046E,
,PH,NAL,Nalungga/Iloilo,Nalungga/Iloilo,,QQ,1-------,8103,,,
,PH,NPT,Napot Point,Napot Point,,RQ,0-------,9307,,,
,PH,NAP,Napsan/Puerto Princesa,Napsan/Puerto Princesa,,QQ,1-------,8103,,,
,PH,NAR,Naris Point/Puerto Princesa,Naris Point/Puerto Princesa,,QQ,1-------,8103,,,
,PH,NAS,Nasipit/Masao,Nasipit/Masao,,QQ,1-------,8103,,,
,PH,NTO,Nato,Nato,,RQ,1-------,9506,,,
,PH,NAV,Navotas,Navotas,,RL,-----6--,1107,,1439N 01205E,
,PH,NID,Nido Terminal,Nido Terminal,,QQ,1-------,0401,,,
,PH,NON,Nonoc/Surigao Del Norte,Nonoc/Surigao Del Norte,,QQ,1-------,8103,,,
,PH,NOR,Norzagaray,Norzagaray,BUL,RL,--3-----,1607,,1454N 12102E,
,PH,NHV,Novaliches,Novaliches,QUE,RL,--3-----,1401,,1443N 12102E,
,PH,NOV,Noveleta,Noveleta,CAV,RL,--3-----,1501,,1425N 12052E,
,PH,ODI,Odiongan,Odiongan,ROM,RQ,1-------,0901,,1224N 12159E,
,PH,OLO,Olongapo,Olongapo,,RQ,1-------,9506,,,
,PH,OPO,Opol,Opol,,RL,1-3-----,0212,,0831N 12434E,
,PH,ORI,Orani,Orani,BAN,RL,--3-----,1607,,1448N 12032E,
,PH,ORS,Oras/Catbalogan,Oras/Catbalogan,,QQ,1-------,8103,,,
,PH,ORA,Orayuita,Orayuita,,QQ,1-------,8103,,,
,PH,ORC,Ormoc/Tacloban,Ormoc/Tacloban,,AI,1--4----,9601,,,
,PH,ORL,Oroquieta,Oroquieta,MSC,RQ,1-------,0901,,0829N 12348E,
,PH,OTE,Oteiza/Bislig,Oteiza/Bislig,,QQ,1-------,8103,,,
,PH,PDR,Pacio de Rozas/Batangas,Pacio de Rozas/Batangas,,QQ,1-------,8103,,,
,PH,PGC,Padre Garcia,Padre Garcia,BTG,RL,--3-----,1607,,1352N 12112E,
,PH,PAR,Paete,Paete,LAG,RL,--3-----,1607,,1421N 12129E,
,PH,PAG,Pagadian/Zamboanga,Pagadian/Zamboanga,,AI,1--4----,9601,,,
,PH,PGB,Pagbilao,Pagbilao,QUE,RL,--3-----,1607,,1358N 12141E,
,PH,PGS,Pagsanjan,Pagsanjan,LAG,RL,--3-----,1607,,1416N 12127E,
,PH,PLB,Palamit Bay/San Jose,Palamit Bay/San Jose,,QQ,1-------,8103,,,
,PH,PLP,Palapag/San Jose,Palapag/San Jose,,QQ,1-------,8103,,,
,PH,PLW,Palawan/Ozamis,Palawan/Ozamis,,QQ,1-------,8103,,,
,PH,PPN,Palompon,Palompon,,RQ,--3-----,0101,,,
,PH,PMT,Pamintayan/Zamboanga,Pamintayan/Zamboanga,,QQ,1-------,8103,,,
,PH,PAM,Pampanga,Pampanga,,RL,1-3-----,9805,,,Mindanao
,PH,PPL,Pamplona/Aparri,Pamplona/Aparri,,QQ,1-------,8103,,,
,PH,PAN,Panabo,Panabo,DAV,RL,--3-----,1501,,0718N 12541E,
,PH,PNB,Panabutan/Zamboanga,Panabutan/Zamboanga,,QQ,1-------,8103,,,
,PH,PCN,Panacan/Davao,Panacan/Davao,,QQ,1-------,8103,,,
,PH,PCA,Panacosa/Puerto Princesa,Panacosa/Puerto Princesa,,RQ,1-------,8103,,,
,PH,PGT,Pangutaran/Jolo,Pangutaran/Jolo,,QQ,1-------,8103,,,
,PH,PNN,Paninirongan/Sanjose,Paninirongan/Sanjose,,QQ,1-------,8103,,,
,PH,PRA,Parang,Parang,,QQ,1-------,8103,,,
,PH,PPA,Parañaque,Paranaque,,RL,-----6--,0901,,1431N 12059E,
,PH,PSC,Pasay City,Pasay City,,RL,--3-----,1401,,1433N 12100E,
,PH,PSG,Pasig/Manila,Pasig/Manila,,RL,--3-----,0201,,1436N 12104E,
,PH,PAT,Pateros,Pateros,00,RL,--3-----,1501,,1432N 12104E,
,PH,PIS,Philippines,Philippines,,RL,1-------,1207,,1435N 12100E,
,PH,PIL,Pililla,Pililla,RIZ,RL,--3-----,1607,,1428N 12118E,
,PH,PIN,Pinamalayan/Batangas,Pinamalayan/Batangas,,QQ,1-------,8103,,,
,PH,PLA,Plaridel/Ozamis,Plaridel/Ozamis,,QQ,1-------,8103,,,
,PH,POL,Polangui,Polangui,ALB,RL,--3-----,1607,,1317N 12329E,
,PH,PLC,Polloc,Polloc,,RQ,1-3-----,9506,,,
,PH,POR,Porac,Porac,PAM,RL,--3-----,1607,,1504N 12032E,
,PH,PRO,Poro/San Fernando,Poro/San Fernando,,QQ,1-------,8103,,,
,PH,PBA,Port Barton/Palawan,Port Barton/Palawan,,QQ,1-------,8103,,,
,PH,PHD,Port Holland,Port Holland,,RQ,1-------,9506,,,
,PH,IRN,Port Irene,Port Irene,CAG,RL,1-------,1101,,1822N 12206E,
,PH,PTR,Potrero,Potrero,PAM,RL,-----6--,1201,,1502N 12036E,
,PH,PGA,Puerto Galera,Puerto Galera,MDR,RQ,1-------,1101,,1330N 12056E,
,PH,PSM,Puerto Santa Maria,Puerto Santa Maria,,RL,0-------,9811,,,
,PH,PUG,Pugad/Bislig,Pugad/Bislig,,QQ,1-------,8103,,,
,PH,PUL,Pulupandan,Pulupandan,,RQ,1-------,9506,,,
,PH,PTL,Puntalinao/Mati,Puntalinao/Mati,,QQ,1-------,8103,,,
,PH,PNT,Punti/Aparri,Punti/Aparri,,QQ,1-------,8103,,,
,PH,QUE,Queson/Siain,Queson/Siain,,QQ,1-------,8103,,,
,PH,QZT,Quezon City,Quezon City,,RQ,-----6--,1001,,1438N 12102E,
,PH,QUA,Quiapo,Quiapo,00,RL,--3-----,1607,,1436N 12059E,
,PH,QUI,Quiddiao/Aparri,Quiddiao/Aparri,,QQ,1-------,8103,,,
,PH,QBI,Quinabigan,Quinabigan,,RQ,1-------,9506,,,
,PH,QBL,Quinablagan/Mati,Quinablagan/Mati,,QQ,1-------,8103,,,
,PH,QPT,Quipit Bay/Ozamis,Quipit Bay/Ozamis,,QQ,1-------,8103,,,
,PH,REA,Real/Siain,Real/Siain,,QQ,1-------,8103,,,
,PH,RTB,Rio Tuba,Rio Tuba,PLW,RL,--3-----,0401,,0831N 11726E,
,PH,ROD,Rodriguez,Rodriguez,RIZ,RL,--3-----,1501,,1443N 12107E,
,PH,RLN,Romblon,Romblon,,QQ,1-------,8103,,,
,PH,ROM,Romblon,Romblon,ROM,RQ,1-------,0901,,1234N 12216E,
,PH,RSO,Rosario,Rosario,CAV,RQ,--3-----,1801,,1605N 12034E,
,PH,RXS,Roxas/Puerto Princesa,Roxas/Puerto Princesa,,AI,1--4----,9601,,,
,PH,SBG,Sabang,Sabang,,QQ,1-------,8103,,,
,PH,SBB,Sabbot/Siain,Sabbot/Siain,,QQ,1-------,8103,,,
,PH,SBY,Sablayan/Batangas,Sablayan/Batangas,,QQ,1-------,8103,,,
,PH,SAG,Sagay/Iloilo,Sagay/Iloilo,,QQ,1-------,8103,,,
,PH,SLM,Salomague,Salomague,ILS,RQ,1-------,0901,,1747N 12025E,
,PH,SML,Sampaloc,Sampaloc,00,RL,--3-----,1607,,1437N 12100E,
,PH,SAE,San Antonio Este,San Antonio Este,NUE,RQ,-----6--,0901,,,
,PH,SC2,San Carlos,San Carlos,ILN,RL,--3-----,1407,,1753N 12030E,
,PH,SCA,San Carlos/Dumaguete,San Carlos/Dumaguete,,QQ,1-------,8103,,,
,PH,SIO,San Ignacio/Mati,San Ignacio/Mati,,QQ,1-------,8103,,,
,PH,SAI,San Ildefonso,San Ildefonso,BUL,RL,--3-----,1607,,1504N 12056E,
,PH,SIS,San Isidro/Sanjose,San Isidro/Sanjose,,QQ,1-------,8103,,,
,PH,SJ2,San Jose,San Jose,BTG,RL,--3-----,1801,,1352N 12106E,
,PH,NJU,San Juan,San Juan,,RL,-----6--,1107,,1438N 12102E,
,PH,SMT,San Mateo,San Mateo,QUE,RL,--3-----,1501,,1410N 12124E,
,PH,SPB,San Pablo,San Pablo,LAG,RL,--3-----,1601,,1404N 12119E,
,PH,SPO,San Pedro,San Pedro,RIZ,RL,--3-----,1501,,1431N 12109E,
,PH,SPQ,San Pio Quinto/Aparri,San Pio Quinto/Aparri,,QQ,1-------,8103,,,
,PH,SSI,San Simon,San Simon,PAM,RL,--3-----,1607,,1459N 12046E,
,PH,STE,San Teodoro/Batangas,San Teodoro/Batangas,,QQ,1-------,8103,,,
,PH,SGS,Sanga Sanga,Sanga Sanga,,AI,---4----,0001,,,
,PH,SNG,Sangi/Cebu,Sangi/Cebu,,QQ,1-------,8103,,,
,PH,NSP,Sangley Point,Sangley Point,,AI,---4----,0001,,,
,PH,SAN,Santa Ana/Aparri,Santa Ana/Aparri,,RQ,1-------,0401,,,
,PH,SCT,Santa Catalina/Dumaguete,Santa Catalina/Dumaguete,,QQ,1-------,8103,,,
,PH,SCR,Santa Cruz/Sual,Santa Cruz/Sual,,QQ,1-------,8103,,,
,PH,STF,Santa Fe,Santa Fe,NUV,RL,--3-----,1607,,1609N 12056E,
,PH,SLU,Santa Lucia/Puerto Princesa,Santa Lucia/Puerto Princesa,,QQ,1-------,8103,,,
,PH,SMA,Santa Maria/Zamboanga,Santa Maria/Zamboanga,,QQ,1-------,8103,,,
,PH,STM,Santa Mesa,Santa Mesa,00,RL,--3-----,1607,,1436N 12100E,
,PH,SNI,Santa Nino,Santa Nino,,RQ,1-------,9506,,,
,PH,STR,Santa Rosa,Santa Rosa,RIZ,RL,-----6--,1107,,1434N 12107E,
,PH,STA,Santa Teresita,Santa Teresita,BTG,RL,--3-----,1607,,1353N 12058E,
,PH,SNO,Santiago,Santiago,ISA,RL,--3-----,1607,,1641N 12132E,
,PH,STO,Santo Tomas,Santo Tomas,LUN,RL,--3-----,1607,,1616N 12023E,
,PH,STS,Santo Tomas,Santo Tomas,BTG,RL,--3-----,1607,,1339N 12052E,
,PH,STT,Santo Tomas,Santo Tomas,BTG,RL,--3-----,1607,,1406N 12108E,
,PH,SAR,Sariaya,Sariaya,QUE,RL,--3-----,1607,,1357N 12131E,
,PH,SAS,Sasa/Davao,Sasa/Davao,,QQ,1-------,8103,,,
,PH,SAM,Sasmuan,Sasmuan,PAM,RL,--3-----,1607,,1456N 12037E,
,PH,IAO,Sayak Apt del Carmen,Sayak Apt del Carmen,SUN,RQ,---4----,1001,,0951N 12601E,
,PH,SAY,Sayao/Batangas,Sayao/Batangas,,QQ,1-------,8103,,,
,PH,SMR,Semirara,Semirara,ANT,RL,1-3-----,0401,,1204N 12124E,
,PH,SIR,Siari/Ozamis,Siari/Ozamis,,QQ,1-------,8103,,,
,PH,SSV,Siasi,Siasi,,AI,---4----,0001,,,
,PH,SIY,Siay/Zamboanga,Siay/Zamboanga,,QQ,1-------,8103,,,
,PH,ICO,Sicogon Island,Sicogon Island,,AI,---4----,0001,,,
,PH,SIG,Sigayan/Parang,Sigayan/Parang,,QQ,1-------,8103,,,
,PH,SIL,Silang,Silang,CAV,RL,--3-----,1501,,1413N 12058E,
,PH,SDG,Sindangan/Ozamis,Sindangan/Ozamis,,QQ,1-------,8103,,,
,PH,SIA,Siniloan,Siniloan,LAG,RL,--3-----,1607,,1425N 12126E,
,PH,XSO,Siocon/Zamboanga,Siocon/Zamboanga,,AI,1--4----,9601,,,
,PH,SGD,Sogod/Tacloban,Sogod/Tacloban,,QQ,1-------,8103,,,
,PH,SOR,Sorsogon/Legaspi,Sorsogon/Legaspi,,QQ,1-------,8103,,,
,PH,SUA,Sual,Sual,,QQ,1-------,8103,,,
,PH,SFS,Subic Bay,Subic Bay,,AI,1--4----,9506,,,
,PH,SUT,Sucat,Sucat,ISA,RL,-----6--,1607,,1701N 12154E,
,PH,SKU,Sultan Kudarat/Dadiangas,Sultan Kudarat/Dadiangas,,QQ,1-------,8103,,,
,PH,TAA,Taal,Taal,BTG,RL,--3-----,1607,,1352N 12055E,
,PH,TBC,Tabaco/Legaspi,Tabaco/Legaspi,ALB,RL,1-------,1607,,1321N 12344E,
,PH,TBG,Tabangoa,Tabangoa,,QQ,1-------,8103,,,
,PH,TBH,Tablas,Tablas,,AI,---4----,9401,,,
,PH,TBU,Tagabuli/Davao,Tagabuli/Davao,,QQ,1-------,8103,,,
,PH,TTO,Taganito,Taganito,SUN,RL,1-------,0901,,0933N 12549E,
,PH,TAT,Tagaytay,Tagaytay,CAV,RL,--3-----,1607,,1406N 12056E,
,PH,TGB,Tagbita,Tagbita,,AI,---4----,0001,,,
,PH,TKW,Tagkawayan/Siain,Tagkawayan/Siain,,QQ,1-------,8103,,,
,PH,TGO,Tagoloan,Tagoloan,,RL,1-3-----,0212,,0832N 12445E,
,PH,TGD,Tagudin/San Fernando,Tagudin/San Fernando,,QQ,1-------,8103,,,
,PH,TAU,Taguig,Taguig,,RL,-----6--,0901,,1431N 12142E,
,PH,TUI,Taguig,Taguig,RIZ,RL,--3-----,1601,,1431N 12104E,
,PH,TGL,Taguilon/Ozamis,Taguilon/Ozamis,,QQ,1-------,8103,,,
,PH,TGT,Taguite Bay/Zamboanga,Taguite Bay/Zamboanga,,QQ,1-------,8103,,,
,PH,TAL,Talibon,Talibon,BOH,RL,1-3-----,0401,,1008N 12419E,
,PH,TLM,Talomo/Davao,Talomo/Davao,,QQ,1-------,8103,,,
,PH,TGN,Tambungon/Davao,Tambungon/Davao,,QQ,1-------,8103,,,
,PH,TNA,Tanauan,Tanauan,BTG,RL,-----6--,1201,,1404N 12109E,
,PH,TNU,Tanauan/Tacloban,Tanauan/Tacloban,,QQ,1-------,8103,,,
,PH,TNY,Tanay,Tanay,RIZ,RL,--3-----,1501,,1429N 12117E,
,PH,TDG,Tandag/Bislig,Tandag/Bislig,,AI,1--4----,9601,,,
,PH,TAN,Tandayag,Tandayag,NER,RL,1-3-----,0401,,0927N 12313E,
,PH,TDC,Tandoc,Tandoc,,QQ,1-------,8103,,,
,PH,TZA,Tanza,Tanza,CAV,RL,--3-----,1501,,1423N 12051E,
,PH,TWT,Tawitawi,Tawitawi,,AI,---4----,0001,,,
,PH,TAS,Tayabas,Tayabas,QUE,RL,--3-----,1607,,1401N 12135E,
,PH,RZP,Taytay Sandoval,Taytay Sandoval,PLW,RQ,---4----,1001,,1049N 11931E,
,PH,TAY,Taytay/Puerto Princesa,Taytay/Puerto Princesa,,QQ,1-------,8103,,,
,PH,TEN,Ternate,Ternate,CAV,RL,--3-----,1501,,1417N 12043E,
,PH,TIA,Tiaong,Tiaong,QUE,RL,--3-----,1607,,1357N 12118E,
,PH,TIB,Tibungco/Davao,Tibungco/Davao,,QQ,1-------,8103,,,
,PH,TIN,Tindalo Oil Field,Tindalo Oil Field,,RQ,1-------,1001,,1104N 11854E,
,PH,TIW,Tiwi,Tiwi,ALB,RL,--3-----,1607,,1327N 12340E,
,PH,TOB,Toboso/Dumaguete,Toboso/Dumaguete,,QQ,1-------,8103,,,
,PH,TLD,Toledo/Cebu,Toledo/Cebu,,QQ,1-------,8103,,,
,PH,TLG,Tolong/Dumaguete,Tolong/Dumaguete,,QQ,1-------,8103,,,
,PH,TLP,Tolopo,Tolopo,,QQ,1-------,8103,,,
,PH,TLS,Tolosa/Tacloban,Tolosa/Tacloban,,QQ,1-------,8103,,,
,PH,TOO,Tondo,Tondo,00,RL,--3-----,1607,,1437N 12058E,
,PH,TMA,Trece Martires,Trece Martires,,RL,--3-----,0601,,1417N 12052E,
,PH,TRO,Troloban,Troloban,,RQ,0-------,9307,,,
,PH,TON,Tubigon,Tubigon,BOH,RQ,1-------,0901,,0957N 12358E,
,PH,TUG,Tuguegarao,Tuguegarao,,AI,---4----,9401,,,
,PH,TGI,Tuguis/Dadiangas,Tuguis/Dadiangas,,QQ,1-------,8103,,,
,PH,TGW,Tungawan Bay/Zamboanga,Tungawan Bay/Zamboanga,,QQ,1-------,8103,,,
,PH,TUY,Tuy,Tuy,BTG,RL,--3-----,1607,,1400N 12043E,
,PH,ULY,Ulugan Bay,Ulugan Bay,,QQ,1-------,8103,,,
,PH,URR,Umrur,Umrur,,QQ,1-------,8103,,,
,PH,URD,Urdaneta,Urdaneta,PAN,RL,--3-----,1607,,1558N 12034E,
,PH,VZA,Valenzuela,Valenzuela,BUL,RQ,-----6--,1001,,1442N 12058E,
,PH,VIC,Victoria,Victoria,LAG,RL,--3-----,1607,,1413N 12119E,
,PH,VIG,Vigan,Vigan,ILS,RL,--3-----,1607,,1734N 12023E,
,PH,VNV,Villanueva,Villanueva,,RQ,1-------,9506,,,
,PH,VIL,Villasis,Villasis,PAN,RL,--3-----,1607,,1554N 12035E,
,PH,VRC,Virac,Virac,,AI,---4----,9401,,,
,PH,VTL,Vitali/Zamboanga,Vitali/Zamboanga,,RL,1-3-----,0212,,0722N 12217E,
,PH,VTO,Vito/Iloilo,Vito/Iloilo,,QQ,1-------,8103,,,
,PH,WAS,Wasag/Dadiangas,Wasag/Dadiangas,,QQ,1-------,8103,,,
,PH,WAW,Wawa/Batangas,Wawa/Batangas,,QQ,1-------,8103,,,
,PH,ZAM,Zamboanga,Zamboanga,,AI,1--4----,9601,,,Mindanao
